"STRATO","M1","S1","N","DOM1","COST","CENS","SOLUZ"
"1",1,266.6241,131.243282790473,3,1,1,0,2
"2",2,430.8695,15.0942549045986,2,1,1,0,2
"3",3,93.3954,0,1,1,1,0,1
"4",4,155.917,0,1,1,1,0,1
"5",5,128.033,0,1,1,1,0,1
"6",6,195.899,0,1,1,1,0,1
"7",7,371.222333333333,180.768238597259,3,1,1,0,2
"8",8,2419.26473529412,2163.98365062433,34,1,1,0,2
"9",9,217.902,0,1,1,1,0,1
"10",10,306.3985,11.2440584810379,2,1,1,0,2
"11",11,147.168,0,1,1,1,0,1
"12",12,162.187,0,1,1,1,0,1
"13",13,186.685,0,1,1,1,0,1
"14",14,109.453,0,1,1,1,0,1
"15",15,147.571,0,1,1,1,0,1
"16",16,1918.12123510638,1967.82898242948,94,1,1,0,3.15796276175598
"17",17,555.888,323.394988795339,8,1,1,0,2
"18",18,135.654,0,1,1,1,0,1
"19",19,3137.97942557377,3036.19621661588,305,1,1,0,15.8096214957653
"20",20,1048.62027313433,884.443104491291,134,1,1,0,2.0233289571517
"21",21,1732.37458899083,1352.53733457463,109,1,1,0,2.5169092578715
"22",22,645.42891888889,569.602240508709,90,1,1,0,2
"23",23,759.974010588235,735.863482160249,340,1,1,0,4.2713776080756
"24",24,1832.36753142857,1781.65954870517,350,1,1,0,10.6459534399467
"25",25,1509.75741313559,1720.3028378461,236,1,1,0,6.93120441223679
"26",26,3269.52196420455,4868.69955526591,176,1,1,0,14.6290943690027
"27",27,1455.17779070352,1567.15402875319,398,1,1,0,10.6484538714989
"28",28,10263.0585564516,8990.05333759689,186,1,1,0,28.5474296210441
"29",29,2026.25739190752,1930.5288692785,346,1,1,0,11.4036583528053
"30",30,987.862281012658,959.388470716689,316,1,1,0,5.17575101613457
"31",31,3902.1738858209,2772.52629144261,134,1,1,0,6.34267224362378
"32",32,1501.5369537428,1552.07631375977,521,1,1,0,13.8051965052503
"33",33,1632.40137185629,1366.58765957474,167,1,1,0,3.89624056997536
"34",34,873.297973333332,532.972747574933,15,1,1,0,2
"35",35,575.0355,38.2369342417554,6,1,1,0,2
"36",36,338.497,27.6151551054851,4,1,1,0,2
"37",37,65.7212,0,1,1,1,0,1
"38",38,29691.9339076923,3275.28375615832,130,1,1,0,7.26915755351175
"39",39,35248.2348837209,1330.84313684814,43,1,1,0,2
"40",1,154.48,0,1,2,1,0,1
"41",2,318.496,0,1,2,1,0,1
"42",3,137.498,0,1,2,1,0,1
"43",4,288.949,0,1,2,1,0,1
"44",5,1.31466,0,1,2,1,0,1
"45",6,279.107,0,1,2,1,0,1
"46",7,0.7581,0,1,2,1,0,1
"47",8,71.2540333333333,96.6688407756159,3,2,1,0,2
"48",9,0.936932,0,1,2,1,0,1
"49",10,340.226256784615,315.121291286018,65,2,1,0,2.6445085035115
"50",11,878.3351298,758.416180327542,55,2,1,0,5.38547659849367
"51",12,339.131329765766,467.715158368208,111,2,1,0,6.70283128324088
"52",13,483.967465364017,769.410060457734,239,2,1,0,23.7415804114165
"53",14,192.954419601626,279.37562632104,246,2,1,0,8.87314308770258
"54",15,159.406603893939,185.531679106718,66,2,1,0,2
"55",16,1659.93367378218,2402.6862432863,101,2,1,0,31.3308588011404
"56",17,287.588614583333,340.439332159076,48,2,1,0,2.1097686323724
"57",18,261.892655005494,389.497772624967,182,2,1,0,9.15229964080709
"58",19,348.004944552448,376.425439121007,143,2,1,0,6.94974495497654
"59",20,1473.88921578947,992.854154156417,19,2,1,0,2.43552685142437
"60",21,425.477010833333,645.465387332359,84,2,1,0,7.00013004655233
"61",22,163.205799904762,171.908126263447,21,2,1,0,2
"62",23,343.487604383562,464.935053402054,73,2,1,0,4.38196611175141
"63",24,139.7642554,156.871776050115,120,2,1,0,2.43041212597188
"64",25,483.502748534654,502.61142082619,101,2,1,0,6.55401740521328
"65",26,358.591691142857,437.889384665472,28,2,1,0,2
"66",27,407.327851204545,494.567412393183,44,2,1,0,2.80951941154557
"67",28,214.758687663551,294.885431276385,107,2,1,0,4.07371796577232
"68",29,289.802842789855,539.721805099667,138,2,1,0,9.61618731366918
"69",30,1721.18756923077,1036.83940471994,13,2,1,0,2
"70",31,252.714122551724,522.128787117756,58,2,1,0,3.90984459377358
"71",32,557.987214029412,559.05128636046,34,2,1,0,2.45405579146381
"72",33,37.861575,26.898382653887,24,2,1,0,2
"73",34,40.92295,10.264397391043,2,2,1,0,2
"74",35,1431.75450178571,1197.33149647325,56,2,1,0,8.65677834797962
"75",36,24.208505,52.7109627856807,14,2,1,0,2
"76",37,625.782625,563.215939758705,4,2,1,0,2
"77",38,3333.96095238095,264.134210352429,21,2,1,0,2
"78",39,8365.17492063492,728.37964800959,63,2,1,0,5.92450698294188
"79",40,2783.5319047619,250.938716274199,21,2,1,0,2
"80",41,7572.18083333333,568.121076039787,36,2,1,0,2.64056745004097
"81",42,59.0460375,41.5177481408638,2,2,1,0,2
"82",1,4805.73384102564,5182.97640643625,39,3,1,0,4.81796859548875
"83",2,3920.10953846154,2556.34726853949,13,3,1,0,2
"84",3,831.641,0,1,3,1,0,1
"85",4,1716.32516455696,1308.65106174424,79,3,1,0,2.46417234412144
"86",5,2631.5067,2340.09846180961,60,3,1,0,3.34661310568718
"87",6,87609.2866666667,9251.44941944983,15,3,1,0,3.30766230342628
"88",7,76613.7277777778,4394.61537659338,18,3,1,0,2
"89",1,208.407,0,1,4,1,0,1
"90",2,210.718,0,1,4,1,0,1
"91",3,1694.8563362069,1821.82446106203,58,4,1,0,4.98255968361363
"92",4,1014.23466666667,383.118784204354,3,4,1,0,2
"93",5,214.298,0,1,4,1,0,1
"94",6,926.504,304.230248817884,6,4,1,0,2
"95",7,370.202,0,1,4,1,0,1
"96",8,275.915,0,1,4,1,0,1
"97",9,1445.49295151515,1220.48544168518,33,4,1,0,2
"98",10,4641.37542105263,2643.79213712859,38,4,1,0,4.73727820694805
"99",11,6006.17268749999,5929.36055480268,48,4,1,0,13.4204501861154
"100",12,868.842119444444,774.069697718965,36,4,1,0,2
"101",13,1834.92492173913,1799.98359807356,92,4,1,0,7.80862132014954
"102",14,1844.16869482759,2051.61067495485,116,4,1,0,11.2220171086416
"103",15,1087.75191935484,973.750440899811,155,4,1,0,7.11700633855399
"104",16,1605.06552615385,1885.3235139759,65,4,1,0,5.77852807848722
"105",17,1609.297875,1938.72993653248,16,4,1,0,2
"106",18,2775.3021875,2565.55340441946,32,4,1,0,3.87123044670812
"107",19,5471.39166666667,2984.00975071109,24,4,1,0,3.37698760635769
"108",20,276.7505,11.1620340944202,2,4,1,0,2
"109",21,40820.9260869565,1853.79391048808,23,4,1,0,2.01051479971076
"110",22,47814.3388888889,2927.47217386024,18,4,1,0,2.48475325358882
"111",1,1402.7,0,1,5,1,0,1
"112",2,1402.18,0,1,5,1,0,1
"113",3,1318.68977777778,1019.86623757789,9,5,1,0,2
"114",4,2683.36542903226,2105.12588147433,31,5,1,0,5.28940113975263
"115",5,5165.32625,1822.55363293941,16,5,1,0,2.36356222242015
"116",6,9251.09023749999,6203.0461507452,16,5,1,0,8.04436439115408
"117",7,1799.0247,2604.49020526632,10,5,1,0,2.11100600367029
"118",8,49425.7666666667,5617.49269368362,12,5,1,0,5.4637460081489
"119",9,14677.8,726.103136230966,3,5,1,0,2
"120",1,137.431,11.6198857352385,2,6,1,0,2
"121",2,229.911333333333,77.0512851210514,3,6,1,0,2
"122",3,135.545,0,1,6,1,0,1
"123",4,160.345,0,1,6,1,0,1
"124",5,204.791411111111,90.2719019682039,9,6,1,0,2
"125",6,183.9285,2.89029896810001,2,6,1,0,2
"126",7,101.701,0,1,6,1,0,1
"127",8,120.6895375,54.9977704524678,8,6,1,0,2
"128",9,365.472777852349,424.301566857107,149,6,1,0,22.2947068436423
"129",10,351.069548888889,378.630487752333,45,6,1,0,6.0085400023901
"130",11,142.384322580645,116.205972181673,62,6,1,0,2.5407445345716
"131",12,131.486981818182,102.551738428178,11,6,1,0,2
"132",13,1035.89267878788,784.2988064601,66,6,1,0,18.2543491006339
"133",14,379.317561619719,416.393659289911,284,6,1,0,41.702617032309
"134",15,439.613578688524,493.518250357448,122,6,1,0,21.2326357991099
"135",16,217.154579117647,200.862692354871,340,6,1,0,24.0834698709433
"136",17,390.22615,240.847898773001,28,6,1,0,2.37816375186967
"137",18,213.533760701754,206.629957232695,285,6,1,0,20.7672508103058
"138",19,322.866401265823,397.008914460353,158,6,1,0,22.1206664731645
"139",20,302.0616,256.389912730242,107,6,1,0,9.6744341834733
"140",21,333.394743518519,361.713190037495,216,6,1,0,27.5523698216449
"141",22,243.220998461538,239.14427707633,65,6,1,0,5.48168671076687
"142",23,3213.69393,1060.60256855999,10,6,1,0,3.74018889772218
"143",24,40.0005,0,1,6,1,0,1
"144",25,276.058586666667,236.302926895937,30,6,1,0,2.49994939634153
"145",26,80.3957,0,1,6,1,0,1
"146",27,4342.5535483871,330.077830823166,31,6,1,0,3.60843521594193
"147",1,158.152,0,1,7,1,0,1
"148",2,1139.43528571429,496.290997006714,7,7,1,0,2
"149",3,158.109,0,1,7,1,0,1
"150",4,1787.56613888889,2215.51377689726,18,7,1,0,4.29502589530887
"151",5,731.500285714286,261.320966629502,7,7,1,0,2
"152",6,2013.67657692308,1756.35403837042,26,7,1,0,4.9181779470191
"153",7,1310.04544590164,1301.38754703391,61,7,1,0,8.5497872530105
"154",8,602.470813483146,476.264199482143,89,7,1,0,4.56516806142226
"155",9,789.003281967213,620.430637019816,61,7,1,0,4.07607246885528
"156",10,1475.02013793104,2132.48582552573,58,7,1,0,13.3208817540138
"157",11,509.756183018868,341.324014466899,53,7,1,0,2
"158",12,983.453014942529,913.392861766125,87,7,1,0,8.55846132310326
"159",13,748.739368852459,674.999494584584,61,7,1,0,4.43457607055441
"160",14,761.726314583333,694.227551747351,48,7,1,0,3.58890456090224
"161",15,1541.65461208054,1804.31699920843,149,7,1,0,28.9546244067492
"162",16,246.298555555556,105.895109341336,9,7,1,0,2
"163",17,672.454174074074,558.750883066352,27,7,1,0,2
"164",18,723.354676190476,814.09576377891,21,7,1,0,2
"165",19,827.819086363636,442.621539445937,22,7,1,0,2
"166",20,9854.04622222222,13216.2707074861,9,7,1,0,9
"167",21,5836.25540000001,6443.51254396359,17,7,1,0,11.7975119578106
"168",22,1103.31555263158,1445.76528070713,38,7,1,0,5.91698153942881
"169",23,1033.11042857143,2790.47152726073,14,7,1,0,4.20750322680587
"170",24,1030.29783548387,1053.66587276663,31,7,1,0,3.51789954816705
"171",25,1204.333738,1120.00246395723,10,7,1,0,2
"172",26,604.830765217391,379.29789366218,23,7,1,0,2
"173",27,8926.94375,683.430025392511,8,7,1,0,2
"174",28,7388.43385714286,2765.37143351772,7,7,1,0,2.08482851665083
"175",29,4390.33,1299.38211888743,6,7,1,0,2
"176",30,28647.87,2228.47451376384,20,7,1,0,4.80016862276499
"177",31,232.187,0,1,7,1,0,1
"178",1,72.4965,3.65347669025682,4,8,1,0,2
"179",2,38.98985,1.22608780323841,2,8,1,0,2
"180",3,14.8921,0,1,8,1,0,1
"181",4,35.56735,0.286767155110206,2,8,1,0,2
"182",5,43.0703666666667,3.14589572123567,3,8,1,0,2
"183",6,857.107852,801.882133658009,25,8,1,0,2
"184",7,52.0204,4.76152149222168,5,8,1,0,2
"185",8,9.801445,3.546355,2,8,1,0,2
"186",9,21.7787,0,1,8,1,0,1
"187",10,20.6076,0,1,8,1,0,1
"188",11,326.453680392157,229.720654363481,51,8,1,0,2
"189",12,506.509248251748,432.614084946926,143,8,1,0,5.85359762557846
"190",13,289.065879300912,274.009030348696,329,8,1,0,8.52995906858922
"191",14,235.383197554585,190.286480820345,229,8,1,0,4.12315432299887
"192",15,326.585371572581,288.297630312942,248,8,1,0,6.76517331147834
"193",16,414.50578,522.95071792473,80,8,1,0,3.95855719267111
"194",17,266.478473944223,209.460999005128,251,8,1,0,4.97465612579484
"195",18,146.14699826087,137.846326244001,92,8,1,0,2
"196",19,247.817525,234.152051175311,92,8,1,0,2.03831812975634
"197",20,446.035191432361,431.722575892907,377,8,1,0,15.4004100062821
"198",21,1707.2304184375,1603.908508375,320,8,1,0,48.5641445327427
"199",22,432.198123657587,376.788758719569,257,8,1,0,9.16256849244813
"200",23,852.736875090908,656.694379012858,330,8,1,0,20.5051717959631
"201",24,280.331084782609,233.627315711472,138,8,1,0,3.05062537887199
"202",25,320.985391753846,209.239894951455,325,8,1,0,6.43448848041067
"203",26,458.828616785714,321.558569139676,280,8,1,0,8.51930746216197
"204",27,313.711719318182,357.421800591804,88,8,1,0,2.97611620017026
"205",28,387.968,0,1,8,1,0,1
"206",29,95.5170125,118.41810955861,16,8,1,0,2
"207",30,139.828886666666,53.8207626968675,15,8,1,0,2
"208",31,1547.45871964286,422.401489030101,56,8,1,0,2.23820386261963
"209",32,3402.4722574468,535.047018510888,94,8,1,0,4.75889338585967
"210",33,4046.57324675325,195.247649058478,77,8,1,0,2
"211",1,519.875,0,1,9,1,0,1
"212",2,4605.34,0,1,9,1,0,1
"213",3,210.134,0,1,9,1,0,1
"214",4,1493.244,1184.176,2,9,1,0,2
"215",5,3891.237875,4536.28571836162,8,9,1,0,4.36909092099697
"216",6,68.0394,0,1,9,1,0,1
"217",7,676.1127975,945.26411960716,12,9,1,0,2
"218",8,6053.65348557143,3483.60851912997,21,9,1,0,8.80743270105015
"219",9,1369.18346190955,1746.79688011746,44,9,1,0,9.25328159415814
"220",10,1425.80567314965,1682.57781272295,57,9,1,0,11.546509259032
"221",11,2487.137344375,3062.43432715628,32,9,1,0,11.798246270732
"222",12,2354.48118646818,2659.69767141004,44,9,1,0,14.0891776193347
"223",13,1250.3670676087,1234.50811170754,23,9,1,0,3.41839684230501
"224",14,4775.90807986923,4911.95028674418,26,9,1,0,15.3754560200486
"225",15,1612.1140898,1039.14130291375,15,9,1,0,2
"226",16,2255.17069444444,1402.35335291584,18,9,1,0,3.03899969842838
"227",17,824.944031026842,1092.38783075489,19,9,1,0,2.4987979965282
"228",18,1696.57848880769,2398.22081925194,13,9,1,0,3.75347230532424
"229",19,1000.61697366667,1578.66294194834,6,9,1,0,2
"230",20,1310.06,0,1,9,1,0,1
"231",21,19837.275952381,16927.3999016304,21,9,1,0,21
"232",22,40478.8666666667,1547.67890056667,3,9,1,0,2
"233",23,4352.28,0,1,9,1,0,1
"234",1,65.4328,16.7353790330545,2,10,1,0,2
"235",2,162.465,0,1,10,1,0,1
"236",3,101.151275,27.422387593173,4,10,1,0,2
"237",4,275.731,57.3446610995741,4,10,1,0,2
"238",5,467.5555,29.0659777940636,2,10,1,0,2
"239",6,870.634113793103,830.417525088637,29,10,1,0,2
"240",7,86.8641,43.1529501663302,3,10,1,0,2
"241",8,89.46,45.4718006217623,10,10,1,0,2
"242",9,90.2016333333333,38.3127577020927,3,10,1,0,2
"243",10,442.816814285714,231.198022330792,7,10,1,0,2
"244",11,444.900431034483,320.908728731995,29,10,1,0,2
"245",12,657.149355023924,576.954711932485,209,10,1,0,4.11171199824996
"246",13,530.140826347306,896.391725103056,334,10,1,0,10.2089007612518
"247",14,2123.84576356589,3832.04417243897,129,10,1,0,16.8560143943547
"248",15,688.632486690648,778.220862464546,278,10,1,0,7.37704345373567
"249",16,499.36686328125,450.635300826931,128,10,1,0,2
"250",17,964.663347486772,998.127254768824,378,10,1,0,12.8650770317165
"251",18,369.33005,372.973998340976,80,10,1,0,2
"252",19,325.18538699187,265.848899023095,123,10,1,0,2
"253",20,600.240560583942,555.307814744427,137,10,1,0,2.59411382960557
"254",21,564.526852467532,809.784627358384,385,10,1,0,10.6307751882355
"255",22,688.509279347826,553.626858252191,184,10,1,0,3.47351877444832
"256",23,1284.16896281407,1122.72197924914,199,10,1,0,7.61833345399887
"257",24,1334.07838175182,1189.19219928209,137,10,1,0,5.555297167266
"258",25,3245.9161392562,3712.53013567078,242,10,1,0,30.6351513443387
"259",26,726.8255928,988.204265875332,125,10,1,0,4.21202959391006
"260",27,1285.00202876106,1392.92020917772,226,10,1,0,10.7341919002488
"261",28,1148.19199818182,1711.56081840468,165,10,1,0,9.62966007083845
"262",29,3535.88936904763,4786.7796002073,84,10,1,0,13.7106294694025
"263",30,369.114351785714,308.591214798972,56,10,1,0,2
"264",31,842.232835106384,763.638946570417,94,10,1,0,2.4476572351753
"265",32,682.404433830846,817.907933514946,201,10,1,0,5.60576844722718
"266",33,1297.24825888889,1793.6894010657,270,10,1,0,16.5137491275557
"267",34,561.546404950495,578.953613776928,101,10,1,0,2
"268",35,1094.1393631579,1250.86118296591,76,10,1,0,3.24158477907852
"269",36,545.798647058823,405.951931273253,187,10,1,0,2.58851624556277
"270",37,2242.257996,1246.05628262325,125,10,1,0,5.31107395436627
"271",38,141.758,139.272437128816,5,10,1,0,2
"272",39,7529.13214482759,3779.43738752106,58,10,1,0,7.47463215942454
"273",40,726.848785576924,713.040809563951,104,10,1,0,2.52861321010317
"274",41,408.028421212121,285.595493440849,33,10,1,0,2
"275",42,1690.8378,1385.93525259763,35,10,1,0,2
"276",43,835.483818181818,598.288975444269,22,10,1,0,2
"277",44,437.238242857143,530.657916657933,7,10,1,0,2
"278",45,3428.68500666667,2692.72422675158,90,10,1,0,8.26359575295375
"279",46,1078.57662923077,504.161524764727,65,10,1,0,2
"280",47,264.40392,310.454958514859,10,10,1,0,2
"281",48,1122.42448019802,1129.13028444163,101,10,1,0,3.88866119368859
"282",49,183.324,0,1,10,1,0,1
"283",50,288.644064705882,215.50451697555,17,10,1,0,2
"284",51,219.63825,8.38240600249267,4,10,1,0,2
"285",52,495.825545454546,209.958175757049,11,10,1,0,2
"286",53,590.737966666667,371.826981766924,27,10,1,0,2
"287",54,665.640217021277,732.824892261547,47,10,1,0,2
"288",55,13160.7596666667,11473.3750938054,9,10,1,0,3.52101907634811
"289",56,260.34132962963,80.2520055112618,27,10,1,0,2
"290",57,186.802763636364,83.0469581789896,11,10,1,0,2
"291",58,1633.0845,1571.53168739245,13,10,1,0,2
"292",59,419.949592307692,1084.42387565702,13,10,1,0,2
"293",60,2730.36909811321,1060.23152904152,53,10,1,0,2
"294",61,1732.60114285714,3861.85462859035,7,10,1,0,2
"295",62,1384.68620689655,160.189954426203,29,10,1,0,2
"296",63,511.25975,50.6472087974987,12,10,1,0,2
"297",64,193.826666666667,11.6852271467962,3,10,1,0,2
"298",65,26657.4083782609,7314.6273957774,46,10,1,0,11.473204022059
"299",66,11029.6666666667,71.0696789021821,3,10,1,0,2
"300",67,353.15375,15.3993242389276,4,10,1,0,2
"301",68,476.748533333333,41.9805067680103,15,10,1,0,2
"302",69,293.253666666667,15.4200270115534,3,10,1,0,2
"303",70,81.5979333333333,20.7665785925723,3,10,1,0,2
"304",71,211.3155,6.58705322014328,2,10,1,0,2
"305",72,8687.5618,1396.95413575543,100,10,1,0,4.76339749934058
"306",73,4530.36487179487,417.652990448281,39,10,1,0,2
"307",74,1072.13970454546,388.378813645112,44,10,1,0,2
"308",1,313.767,0,1,11,1,0,1
"309",2,412.767,0,1,11,1,0,1
"310",3,317.047,0,1,11,1,0,1
"311",4,330.237,0,1,11,1,0,1
"312",5,283.335,0,1,11,1,0,1
"313",6,252.785,0,1,11,1,0,1
"314",7,166.845,0,1,11,1,0,1
"315",8,635.99,351.409817063212,5,11,1,0,2
"316",9,241.099,0,1,11,1,0,1
"317",10,1996.12791625616,1934.21047575035,203,11,1,0,16.5868954604201
"318",11,1164.3213372093,938.865756232157,86,11,1,0,3.4108866622932
"319",12,1720.33857142857,74.6514454818956,7,11,1,0,2
"320",13,1220.58513333333,830.338627530198,60,11,1,0,2.10461097466496
"321",14,1121.408196,1733.89047140375,100,11,1,0,7.32465204351878
"322",15,1332.38147098765,1827.36100371178,162,11,1,0,12.5056049640604
"323",16,1662.62560843374,1570.23397972069,332,11,1,0,22.0225595698779
"324",17,4726.42052941176,3513.78149878275,17,11,1,0,2.52341692524009
"325",18,10025.9300909091,7788.58224012763,55,11,1,0,18.096160437555
"326",19,1068.77921367521,974.509507547062,234,11,1,0,9.63312678985909
"327",20,8246.6035,3578.09407400374,30,11,1,0,4.53459336157337
"328",21,1181.84025,797.565518626428,8,11,1,0,2
"329",22,3858.53544897959,3196.58707405476,49,11,1,0,6.61679923323021
"330",23,949.800333333333,736.502265229177,96,11,1,0,2.98683105686711
"331",24,843.369333333333,256.466303123876,9,11,1,0,2
"332",25,5523.65676415094,6605.68695791259,106,11,1,0,29.579388565445
"333",26,1029.19315,1613.04123424383,40,11,1,0,2.72565446723886
"334",27,678.128833333333,432.184674992228,18,11,1,0,2
"335",28,946.779,531.365734853841,7,11,1,0,2
"336",29,1560.10583333333,830.76610789601,12,11,1,0,2
"337",30,203.683,12.599,2,11,1,0,2
"338",31,1080.77,17.5362481734264,2,11,1,0,2
"339",32,22565.8333333333,1252.79653735998,21,11,1,0,2
"340",33,181.149,0,1,11,1,0,1
"341",34,21685.9206896552,1623.72922436291,58,11,1,0,3.9783861962208
"342",1,3.685175,1.97650596777495,4,12,1,0,2
"343",2,0.829374,0,1,12,1,0,1
"344",3,0.95854,0,1,12,1,0,1
"345",4,4.34886633333333,2.57337276535164,3,12,1,0,2
"346",5,5.52885625,2.46606462858384,8,12,1,0,2
"347",6,0.841232,0,1,12,1,0,1
"348",7,1.26219,0,1,12,1,0,1
"349",8,0.770623,0,1,12,1,0,1
"350",9,1.24852,0,1,12,1,0,1
"351",10,0.692737,0,1,12,1,0,1
"352",11,26.944783,22.8393346161915,30,12,1,0,2.56211605508939
"353",12,0.715979,0,1,12,1,0,1
"354",13,0.634595,0,1,12,1,0,1
"355",14,0.826152333333333,0.193936724152206,3,12,1,0,2
"356",15,0.81539325,0.139944281246814,4,12,1,0,2
"357",16,8.80140115,9.12813748420403,60,12,1,0,2.04798852456808
"358",17,26.4700679510489,18.5235303499,143,12,1,0,9.90498665051061
"359",18,41.9316321724138,41.1881625051919,290,12,1,0,44.6647092542777
"360",19,34.84016775,44.3325334576646,128,12,1,0,21.2190832151488
"361",20,72.3895914666667,83.3651351223574,45,12,1,0,14.0278485376443
"362",21,40.0806851623931,42.0716325859366,117,12,1,0,18.4064197920344
"363",22,12.9725580266667,12.1858255739088,300,12,1,0,13.670056449542
"364",23,14.9280454419889,19.5986498900901,181,12,1,0,13.2647425530153
"365",24,169.193153846154,6.96620822735793,13,12,1,0,2
"366",25,11.5318454020619,9.27716480101936,97,12,1,0,3.36496926367888
"367",26,15.4629264861879,14.2022954338684,181,12,1,0,9.61238624337286
"368",27,21.4851455555555,14.4840120694485,9,12,1,0,2
"369",28,12.2227768421053,6.01378504546995,19,12,1,0,2
"370",29,12.224184460177,13.0004990246128,113,12,1,0,5.49329045020138
"371",30,10.3669033779528,7.90833908669244,127,12,1,0,3.75563259060818
"372",31,16.4149478285714,22.120446928937,70,12,1,0,5.79009958364495
"373",32,10.8339330434783,6.73885541211205,23,12,1,0,2
"374",33,75.5408269642858,53.1825530927241,56,12,1,0,11.1365662550435
"375",34,5.4500185,4.86368945949827,6,12,1,0,2
"376",35,246.929153846154,28.6386131226648,26,12,1,0,2.78432179171402
"377",36,240.512295454545,22.9086364777692,44,12,1,0,3.76917249337827
"378",1,340.969,0,1,13,1,0,1
"379",2,775.9545,217.0685,2,13,1,0,2
"380",3,327.463,195.86,2,13,1,0,2
"381",4,595.948,0,1,13,1,0,1
"382",5,340.135,0,1,13,1,0,1
"383",6,1054.81861904762,801.14323873071,42,13,1,0,3.52736249886754
"384",7,915.99695,404.666847299353,20,13,1,0,2
"385",8,957.840170212766,634.029742564001,94,13,1,0,6.24781434718636
"386",9,7303.88653333334,3956.84380646816,15,13,1,0,6.2220113270827
"387",10,9556.65300000002,3828.80833378822,8,13,1,0,3.2110291248666
"388",11,2177.2283877551,1895.36956222745,49,13,1,0,9.73600107623178
"389",12,2485.87716129032,1892.86933737816,31,13,1,0,6.15138573487405
"390",13,1111.84003448276,878.654119438257,87,13,1,0,8.01360318388233
"391",14,908.324368421052,742.219701088825,76,13,1,0,5.9133924344036
"392",15,917.072405405406,522.013287077536,74,13,1,0,4.04952335838203
"393",16,13700.3048666667,5354.88082189742,15,13,1,0,8.42038017132375
"394",17,16522.7875,1089.11064903928,24,13,1,0,2.74014709752466
"395",1,78.6393,29.5886143283865,5,14,1,0,2
"396",2,17.4864,0,1,14,1,0,1
"397",3,22.8363,0,1,14,1,0,1
"398",4,18.6679,0,1,14,1,0,1
"399",5,13.6942,0,1,14,1,0,1
"400",6,47.4212,1.20957685989771,2,14,1,0,2
"401",7,36.9224,14.0513909566811,6,14,1,0,2
"402",8,295.830703173077,445.032541728112,104,14,1,0,4.01738975391986
"403",9,1176.12913039216,1810.74000600691,102,14,1,0,16.0315357658616
"404",10,435.138802380952,545.97158531066,168,14,1,0,7.96156017801618
"405",11,598.194274467743,923.207589562344,248,14,1,0,19.87329624789
"406",12,418.133018271605,730.56188416859,81,14,1,0,5.13642425817508
"407",13,1817.3123839899,2531.186239541,198,14,1,0,43.5018924866823
"408",14,736.138314728034,1019.61371683741,239,14,1,0,21.1520483218793
"409",15,340.997480495868,490.259483716123,121,14,1,0,5.14908704329893
"410",16,112.885115789474,144.319595015593,38,14,1,0,2
"411",17,622.667587878788,974.199364135779,99,14,1,0,8.37147329130447
"412",18,424.555457419355,954.931269532211,31,14,1,0,2.56952393892907
"413",19,106.493825,93.4274515645261,4,14,1,0,2
"414",20,74.410842857143,43.6319946039369,7,14,1,0,2
"415",21,1224.14771977778,1466.85859755737,45,14,1,0,5.72953826292766
"416",22,8045.27487647059,3023.38896852662,34,14,1,0,8.92260774090119
"417",23,4991.76743870967,1638.84075532289,31,14,1,0,4.40978391560136
"418",24,19892.45,1512.19128525564,16,14,1,0,2.10012707135686
"419",25,12885.9015151515,948.849861466595,66,14,1,0,5.43576025274678
"420",26,34.0657,0,1,14,1,0,1
"421",1,258.7065,18.3291589959823,4,15,1,0,2
"422",2,90.2236,0,1,15,1,0,1
"423",3,129.009,0,1,15,1,0,1
"424",4,241.773,17.6536278991033,2,15,1,0,2
"425",5,91.368,0,1,15,1,0,1
"426",6,140.271,0,1,15,1,0,1
"427",7,167.613,0,1,15,1,0,1
"428",8,264.09025,25.4261446866213,4,15,1,0,2
"429",9,238.148725,110.740662248175,4,15,1,0,2
"430",10,149.367333333333,36.4655085465095,3,15,1,0,2
"431",11,142.9475,18.9515,2,15,1,0,2
"432",12,527.019406,386.929245908827,50,15,1,0,2
"433",13,1207.16080298507,890.769298439292,134,15,1,0,5.8397023786174
"434",14,2030.77836496815,1955.098381181,157,15,1,0,15.0171992776432
"435",15,769.811186363636,838.732710777376,132,15,1,0,5.41649301578446
"436",16,1615.04327957447,1960.22262021734,235,15,1,0,22.5368873607175
"437",17,768.262595726496,673.784228013182,234,15,1,0,7.71360460701303
"438",18,890.545445614035,1029.23662634335,114,15,1,0,5.7403815414461
"439",19,469.69226,552.453277460887,290,15,1,0,7.83816186208151
"440",20,1849.71724090909,1303.59313070394,44,15,1,0,2.80617928976453
"441",21,3296.67065695364,2358.05525683511,151,15,1,0,17.4201383741595
"442",22,1369.25510948905,1472.36303245045,274,15,1,0,19.7372273161713
"443",23,725.533386,592.038610279669,50,15,1,0,2
"444",24,1249.03141395349,1481.89613955591,43,15,1,0,3.11750312574244
"445",25,572.331497222222,449.412927007552,144,15,1,0,3.16612989061472
"446",26,313.505,225.890803151735,7,15,1,0,2
"447",27,2237.59142857143,62.2998732455692,7,15,1,0,2
"448",28,2022.005,91.4975707792288,10,15,1,0,2
"449",29,3748.57288888889,1303.73045427714,9,15,1,0,2
"450",30,3934.45,0,1,15,1,0,1
"451",31,14825.71752,4391.86888233418,25,15,1,0,5.37167897131725
"452",32,19232.9769230769,1534.90917801147,78,15,1,0,5.85730664438026
"453",1,42.8703,2.25503423588202,2,16,1,0,2
"454",2,204.6175,12.415734417464,2,16,1,0,2
"455",3,147.669825,102.298203863063,4,16,1,0,2
"456",4,54.8791333333333,1.61151095743278,3,16,1,0,2
"457",5,221.86958,151.607015738105,5,16,1,0,2
"458",6,136.7463,96.5870824303773,4,16,1,0,2
"459",7,54.2607,28.9821149298149,2,16,1,0,2
"460",8,40.92225,1.68888919152501,2,16,1,0,2
"461",9,248.978779166667,280.80208310664,36,16,1,0,2
"462",10,80.32365,39.8598567428591,2,16,1,0,2
"463",11,125.738972222222,143.551285018505,18,16,1,0,2
"464",12,229.535125,169.919875689253,8,16,1,0,2
"465",13,3980.28288888889,3251.50128865294,9,16,1,0,2
"466",14,424.027395962963,400.514315823465,27,16,1,0,2
"467",15,911.567554400001,985.448794759891,125,16,1,0,2.00616737307229
"468",16,899.835388604651,1104.11072374218,215,16,1,0,3.86610972162801
"469",17,227.500438125,245.05968319169,32,16,1,0,2
"470",18,877.7403,712.352819429936,134,16,1,0,2
"471",19,23667.7992240556,10452.6844129487,180,16,1,0,30.6424461017464
"472",20,611.458648192771,627.286984534186,83,16,1,0,2
"473",21,986.835823903226,1104.76106591071,155,16,1,0,2.78883709168204
"474",22,231.866833333333,104.283970932871,6,16,1,0,2
"475",23,2544.67118032967,2219.94911005708,273,16,1,0,9.87026364428191
"476",24,532.764728909091,782.185493963252,132,16,1,0,2
"477",25,569.974784659091,467.164624436849,88,16,1,0,2
"478",26,940.516373311688,585.351743063777,154,16,1,0,2
"479",27,367.514893793103,298.635877978066,29,16,1,0,2
"480",28,1035.42253448454,1145.82819701353,194,16,1,0,3.62029801897646
"481",29,1289.88038505747,756.018802076217,87,16,1,0,2
"482",30,301.144863265306,242.180719996525,49,16,1,0,2
"483",31,3296.88233699187,4108.86688014699,123,16,1,0,8.23095580769369
"484",32,355.157984188034,254.944563095206,117,16,1,0,2
"485",33,15599.7622707317,9924.51295120138,82,16,1,0,13.2539748624909
"486",34,522.556,635.009939707574,20,16,1,0,2
"487",35,269.190108686869,273.519466593876,99,16,1,0,2
"488",36,741.433620175439,885.358893003144,114,16,1,0,2
"489",37,6360.48225019738,5405.48323055129,304,16,1,0,26.7627782324763
"490",38,266.019690535715,370.235476819019,56,16,1,0,2
"491",39,46.72726,46.8564447304205,4,16,1,0,2
"492",40,272.421125172414,241.901983447809,29,16,1,0,2
"493",41,460.158104189189,529.813265660157,74,16,1,0,2
"494",42,355.584580904255,430.43775791448,94,16,1,0,2
"495",43,431.201122222222,457.010093300341,81,16,1,0,2
"496",44,831.015995804511,947.723283389278,133,16,1,0,2.05284556488673
"497",45,473.54285245614,596.226660210599,57,16,1,0,2
"498",46,246.276569378882,329.702788197023,161,16,1,0,2
"499",47,186.44145278481,185.887891930864,79,16,1,0,2
"500",48,505.544365695364,547.754876558374,151,16,1,0,2
"501",49,545.139009772727,576.481934369466,88,16,1,0,2
"502",50,2140.64356888889,1788.60408698998,45,16,1,0,2
"503",51,518.735312087912,599.042285022,91,16,1,0,2
"504",52,972.515256039603,1168.8726629874,101,16,1,0,2
"505",53,6484.74090756303,4239.22931416851,119,16,1,0,8.21593431368495
"506",54,3472.63738150794,3759.45426615681,126,16,1,0,7.71468927217077
"507",55,3887.16527860294,8419.78852645143,136,16,1,0,18.6493276669598
"508",56,635.877242285715,723.990922632628,70,16,1,0,2
"509",57,1611.16970288462,2000.05502410423,104,16,1,0,3.38764872308867
"510",58,1208.8178037037,993.987280997878,54,16,1,0,2
"511",59,2199.19948676191,3300.18855297253,105,16,1,0,5.64353392436156
"512",60,466.020175862069,564.170099820789,58,16,1,0,2
"513",61,1124.20339982954,571.766898499367,176,16,1,0,2
"514",62,571.421048,1069.02703919258,85,16,1,0,2
"515",63,595.810490163933,570.033727306338,122,16,1,0,2
"516",64,3385.68408762687,5641.46576216404,134,16,1,0,12.3117515393027
"517",65,31.544245,19.5017610732855,2,16,1,0,2
"518",66,7756.09962484471,6923.746203954,161,16,1,0,18.1547429193634
"519",67,850.770291686486,830.040653572788,185,16,1,0,2.50088763600306
"520",68,626.53913979386,902.150601684265,228,16,1,0,3.3499396060616
"521",69,1883.95093643119,2639.18156096619,109,16,1,0,4.68509987686922
"522",70,645.878944249999,931.675907467336,80,16,1,0,2
"523",71,491.078467037036,728.788069443067,81,16,1,0,2
"524",72,1806.61037880814,2078.20860337887,172,16,1,0,5.82157735619507
"525",73,467.756268681319,456.276571473559,91,16,1,0,2
"526",74,276.030915625,472.374765628569,16,16,1,0,2
"527",75,749.609769684211,1822.18112744923,95,16,1,0,2.81928017195216
"528",76,535.419604347826,609.682791332059,23,16,1,0,2
"529",77,229.921268125,371.206246029449,16,16,1,0,2
"530",78,145.757440909091,99.2560620286751,22,16,1,0,2
"531",79,2074.02461351351,2077.87174731309,74,16,1,0,2.50422614347271
"532",80,353.901581634146,591.092958096287,41,16,1,0,2
"533",81,365.732165485507,805.488888510147,138,16,1,0,2
"534",82,2748.48758846154,4557.33081786435,52,16,1,0,3.85955279723862
"535",83,152.051747368421,114.913658512174,19,16,1,0,2
"536",84,193.863939879518,246.29776161123,83,16,1,0,2
"537",85,929.06009060606,1464.20725171555,33,16,1,0,2
"538",86,1959.59488045454,1905.34576976781,22,16,1,0,2
"539",87,322.780904285714,524.557051430403,14,16,1,0,2
"540",88,10059.4813043478,586.596611106881,23,16,1,0,2
"541",89,192.60932,55.4716383854549,14,16,1,0,2
"542",90,159.219246170213,156.694827171491,47,16,1,0,2
"543",91,5503.32026714286,1713.33830016644,35,16,1,0,2
"544",92,10224.1404,15435.8065997925,7,16,1,0,2
"545",93,800.932771060606,255.334778011077,66,16,1,0,2
"546",94,1721.42091875,1219.29787675634,32,16,1,0,2
"547",95,378.508,340.533965186346,12,16,1,0,2
"548",96,55.6263666666667,6.57589630404046,6,16,1,0,2
"549",97,196.8928,199.66561245661,3,16,1,0,2
"550",98,1884.14072033898,1209.83477829101,59,16,1,0,2
"551",99,145.757507692308,65.0855584653889,13,16,1,0,2
"552",100,279.552,22.8572267018552,2,16,1,0,2
"553",101,394.330222222222,69.2690785264016,9,16,1,0,2
"554",102,75.7413,36.3051282927869,7,16,1,0,2
"555",103,246.223020408163,24.9040132428108,49,16,1,0,2
"556",104,4474.0014,2772.38293237311,7,16,1,0,2
"557",105,2377.004735,1402.85468813833,20,16,1,0,2
"558",106,1248.20367096774,986.71430492899,31,16,1,0,2
"559",107,261.29025,78.5890019667938,16,16,1,0,2
"560",108,2208.484475,761.637506682189,24,16,1,0,2
"561",109,93.9766779545455,164.230879742323,44,16,1,0,2
"562",110,1434.83350952381,1312.87825829391,84,16,1,0,2
"563",111,627.5335,25.2292962037688,4,16,1,0,2
"564",112,270.46248,275.096819036721,5,16,1,0,2
"565",113,120.2424,93.2126,2,16,1,0,2
"566",114,300.455666666667,16.7457228281444,3,16,1,0,2
"567",115,137.4034375,69.52111005855,8,16,1,0,2
"568",116,1017.49885294118,146.646290227694,34,16,1,0,2
"569",117,30.28125,14.4123937996087,4,16,1,0,2
"570",118,27.29765,11.49235,2,16,1,0,2
"571",119,166.513136666667,111.400489493602,3,16,1,0,2
"572",120,7927.35796956522,1848.33274325249,46,16,1,0,2
"573",121,21384.2287375,5641.6460730677,16,16,1,0,2
"574",122,170.607,0,1,16,1,0,1
"575",123,1960.16150869565,1148.63257593174,23,16,1,0,2
"576",124,96.52215,3.40262206256073,4,16,1,0,2
"577",125,43.7175333333333,20.8407861695281,6,16,1,0,2
"578",126,295.073368421053,17.3155430180124,19,16,1,0,2
"579",127,135.722166666667,42.2772948247802,3,16,1,0,2
"580",128,47.1832925,26.7100952321096,4,16,1,0,2
"581",129,338.43275,37.1329448687416,4,16,1,0,2
"582",130,1106.61913571429,1009.05684665231,7,16,1,0,2
"583",131,345.192028,271.633624543484,5,16,1,0,2
"584",132,22.17635,1.45978659442057,2,16,1,0,2
"585",133,19.52975,0.688050253433571,2,16,1,0,2
"586",134,43.607835,24.6836587689227,2,16,1,0,2
"587",135,4414.65107142857,899.571233930579,28,16,1,0,2
"588",136,185.239566666667,116.809358719634,3,16,1,0,2
"589",137,11658.9916666667,643.518978184455,12,16,1,0,2
"590",138,81.7130555555555,8.20595639236308,18,16,1,0,2
"591",139,769.48225,14.9054566188234,4,16,1,0,2
"592",140,21.781115,11.733224345661,2,16,1,0,2
"593",141,202.716,15.2359590880697,3,16,1,0,2
"594",142,2237.43375,168.494412264199,8,16,1,0,2
"595",1,516.7384,173.796248002769,5,17,1,0,2
"596",2,386.194555555556,150.935651363267,9,17,1,0,2.88469062665181
"597",3,1247.38866666667,655.533272995014,3,17,1,0,3
"598",4,267.899888888889,78.209604605998,9,17,1,0,2
"599",5,205.265921428571,84.0113889531029,14,17,1,0,2.49764724738096
"600",6,225.061309090909,163.730108219069,11,17,1,0,3.82460100369675
"601",7,792.084545454545,93.4732349570523,11,17,1,0,2.18345808309061
"602",8,244.206188888889,123.269115256701,9,17,1,0,2.35592623826901
"603",9,565.905333333333,159.24340660859,9,17,1,0,3.04346891043142
"604",10,334.240857142857,128.698895475812,7,17,1,0,2
"605",11,483.87,124.7312366594,6,17,1,0,2
"606",1,475.920164705882,300.357720970078,17,18,1,0,13.6218118162173
"607",2,96.7191195238095,78.1742180323896,21,18,1,0,4.37955510341042
"608",3,246.596833333333,60.9424571540418,6,18,1,0,2
"609",4,1319.196,340.405466477846,4,18,1,0,3.63248367791825
"610",5,1705.1655,862.3445,2,18,1,0,2
"611",1,172.187,0,1,19,1,0,1
"612",2,315.018,0,1,19,1,0,1
"613",3,208.015,0,1,19,1,0,1
"614",4,154.618,34.721,2,19,1,0,2
"615",5,408.129175,337.880074711326,16,19,1,0,4.64000498713656
"616",6,642.64379,467.989007978724,10,19,1,0,4.01671978734307
"617",7,372.901333333333,247.49818444856,9,19,1,0,2
"618",8,426.310764705882,312.857844594024,17,19,1,0,4.5649061518283
"619",9,595.153030434783,534.43732429481,23,19,1,0,10.5501953244018
"620",10,446.288705,385.83289860707,20,19,1,0,6.62315828799076
"621",11,216.96929,104.623050238096,40,19,1,0,3.59189185163748
"622",12,298.615643529412,170.245304981547,85,19,1,0,12.4202389912508
"623",13,261.275465151515,179.859464952617,66,19,1,0,10.1885672370235
"624",14,361.246429032258,294.5395908846,62,19,1,0,15.6736899642415
"625",15,874.056230769231,455.373074320619,13,19,1,0,5.08096944411096
"626",16,309.962297142857,241.386276771042,35,19,1,0,7.2513105269304
"627",17,540.918142857143,305.18760200649,7,19,1,0,2
"628",18,299.718023255814,253.487719148014,43,19,1,0,9.35537633567466
"629",19,1124.56209411765,813.918992285399,17,19,1,0,11.8758850997961
"630",20,669.9635,592.457582908614,6,19,1,0,3.0510153732592
"631",21,263.112666666667,55.1862955018927,3,19,1,0,2
"632",22,1190.443,1036.9525584607,6,19,1,0,5.34005857713463
"633",23,296.58935,173.242619705335,4,19,1,0,2
"634",24,1659.71563636364,480.474836250587,11,19,1,0,4.53627333997741
"635",1,33316.7105524476,29527.6799926668,143,20,1,0,28.0776433788638
"636",2,1758.125,34.220432675523,2,20,1,0,2
"637",3,473.048,0,1,20,1,0,1
"638",4,1706.565,51.8698179339392,2,20,1,0,2
"639",5,69834.8982648649,13710.2477076682,185,20,1,0,16.8660087175866
"640",6,2959.49,1105.11115311425,4,20,1,0,2
"641",7,826.902,0,1,20,1,0,1
"642",8,1008.17,0,1,20,1,0,1
"643",9,492.85,0,1,20,1,0,1
"644",10,1614.3768,1039.81631541904,5,20,1,0,2
"645",11,9440.95135964912,10989.4610560962,57,20,1,0,4.16530243921744
"646",12,1759.01339375,1553.7044749345,64,20,1,0,2
"647",13,6009.31646076389,8566.65348623662,288,20,1,0,16.4058591565455
"648",14,4370.09549400749,5242.16760489004,534,20,1,0,18.6143317588243
"649",15,4096.17177444134,5139.66463615063,716,20,1,0,24.4705141894017
"650",16,1875.87688039216,2356.18891880145,153,20,1,0,2.39715894228455
"651",17,6334.85587628866,9584.07282990934,388,20,1,0,24.7273241218872
"652",18,4261.85788046875,3806.17928029078,128,20,1,0,3.23962320473815
"653",19,16955.828525641,13664.9511616981,117,20,1,0,10.6313700797149
"654",20,4001.18385495208,3626.19015367456,313,20,1,0,7.5472754840215
"655",21,1969.21369565217,1686.84646639091,46,20,1,0,2
"656",22,1936.79330928571,1553.0805919188,140,20,1,0,2
"657",23,3557.5310516432,3897.77777265044,213,20,1,0,5.52067230046743
"658",24,32491.9505581396,27299.8265748101,43,20,1,0,7.80591170221429
"659",25,54869.0055,24003.6580326483,34,20,1,0,5.42689774634872
"660",26,39823.1769230769,1958.04298474504,26,20,1,0,2
"661",27,1498.42294705882,1272.4162748242,17,20,1,0,2
"662",28,26802.3695652174,1346.53256667296,46,20,1,0,2
"663",1,15.3766222222222,11.1682290590399,27,21,1,0,2
"664",2,175.760828703704,97.4440917770257,108,21,1,0,8.29100409098663
"665",3,30.0793994871795,42.0581467370654,39,21,1,0,2
"666",4,50.1753756818182,35.4856811170022,132,21,1,0,3.69024277457017
"667",5,3.04064946666667,2.37785443925278,15,21,1,0,2
"668",6,33.7507962657342,46.496348829692,143,21,1,0,5.23820812801527
"669",7,23.970139588785,25.0620717882545,321,21,1,0,6.33796539839383
"670",8,40.0055563906705,48.0642291961895,686,21,1,0,25.9761007139944
"671",9,43.8038275284404,50.2056050754047,545,21,1,0,21.5564166710262
"672",10,39.2653704685039,37.2626334891498,762,21,1,0,22.3695052067991
"673",11,11.9095139375,11.678139437313,144,21,1,0,2
"674",12,13.9416707948718,9.3993892275797,39,21,1,0,2
"675",13,226.745288167959,124.150802758514,387,21,1,0,37.8519588141144
"676",14,33.4489896964286,58.0600735430079,56,21,1,0,2.56149475194835
"677",15,96.094460115727,105.705289158971,674,21,1,0,56.1286345139011
"678",16,18.5295145945946,27.9993879788887,37,21,1,0,2
"679",17,40.39762937577,33.8444669012552,487,21,1,0,12.98507614675
"680",18,43.5090095392157,35.7810018603974,102,21,1,0,2.87528255987156
"681",19,42.9506936950262,47.3815330641385,764,21,1,0,28.5187396769686
"682",20,26.9216738692308,32.4394039447469,130,21,1,0,3.32234003682807
"683",21,23.4297361078611,26.118056382087,547,21,1,0,11.2552732541489
"684",22,127.545056127451,114.325374447517,102,21,1,0,9.18693547434655
"685",23,27.3578116868687,29.8841386179325,99,21,1,0,2.33079350187001
"686",24,12.586480948718,14.832705844151,117,21,1,0,2
"687",25,9.77591356862744,9.8352843428781,51,21,1,0,2
"688",26,51.4745132,44.2824854538422,90,21,1,0,3.13980270944922
"689",27,28.2358198039216,27.9390659661257,459,21,1,0,10.1030483274692
"690",28,8.048505,2.73433540708296,12,21,1,0,2
"691",29,39.0085772754491,38.149001401246,167,21,1,0,5.01911916809381
"692",30,34.511066,95.6379222351604,16,21,1,0,2
"693",31,23.868883030303,17.7086757871025,66,21,1,0,2
"694",32,21.6903105138889,20.7070500860301,144,21,1,0,2.34913831230749
"695",33,59.9829877192982,35.8312887220244,57,21,1,0,2
"696",34,46.0167748717949,39.6820517890939,39,21,1,0,2
"697",35,12.8384576666667,8.23042351952397,12,21,1,0,2
"698",36,424.270272727273,28.2491539284851,44,21,1,0,2
"699",1,22458.202825,10699.7198619542,40,22,1,0,3.45670583896546
"700",2,642.047,0,1,22,1,0,1
"701",3,242.205,0,1,22,1,0,1
"702",4,107.316,0,1,22,1,0,1
"703",5,606.537,44.8758721586556,4,22,1,0,2
"704",6,313.0315,27.7019688131548,2,22,1,0,2
"705",7,8622.90579310345,11857.7368828649,29,22,1,0,2.77734500672544
"706",8,1724.14166846847,1443.68912700803,111,22,1,0,2
"707",9,4143.40352721088,7135.22891501938,147,22,1,0,8.47140159356536
"708",10,3422.874625,2712.06024262633,8,22,1,0,2
"709",11,4648.82213869347,5996.35514823084,398,22,1,0,19.2752688296246
"710",12,2684.16405084175,3292.08661096365,297,22,1,0,7.89691978322302
"711",13,5141.04333922652,5700.45682808301,362,22,1,0,16.6666477292973
"712",14,20870.7745578947,15593.2072248931,95,22,1,0,11.9643492072474
"713",15,22726.5809714286,33958.6716001444,35,22,1,0,9.59950329805304
"714",16,7425.11820588235,9867.60834345274,68,22,1,0,5.41939543181573
"715",17,13766.7495876847,13220.0265555431,203,22,1,0,21.6749642649183
"716",18,1877.00061823899,1742.26134208855,159,22,1,0,2.23738359525755
"717",19,2648.78917777778,2142.31629451091,45,22,1,0,2
"718",20,2384.62846540084,3585.26611670957,237,22,1,0,6.86277510930482
"719",21,2408.34652631579,1722.35060810767,76,22,1,0,2
"720",22,2255.92777714286,2043.91594115216,35,22,1,0,2
"721",23,3031.97114224138,2527.3220984104,232,22,1,0,4.73563917279341
"722",24,1939.86107,1572.24474108399,80,22,1,0,2
"723",25,333.63,0,1,22,1,0,1
"724",26,12765.1844,4840.1830974237,60,22,1,0,2.34554119973383
"725",27,6245.314,4385.37813155202,22,22,1,0,2
"726",28,1451.52277272727,1265.29418254452,22,22,1,0,2
"727",29,1434.3614,682.499022292955,5,22,1,0,2
"728",30,44210.1064,16207.8699716361,60,22,1,0,7.85429518121385
"729",31,3327.6975,212.591799381026,4,22,1,0,2
"730",32,284.637,0,1,22,1,0,1
"731",33,97641.025,7964.43497201088,104,22,1,0,6.68988010808857
"732",34,4649.722,460.984481835127,5,22,1,0,2
"733",1,72.7147,0,1,23,1,0,1
"734",2,420.333757142857,234.482244450716,7,23,1,0,2
"735",3,1137.80573703704,1390.57691610756,27,23,1,0,2
"736",4,583.67440625,602.99209891503,32,23,1,0,2
"737",5,401.3793,352.3847,2,23,1,0,2
"738",6,141.8825,1.366483854643,2,23,1,0,2
"739",7,1932.894,1062.15977276376,54,23,1,0,2
"740",8,649.729739130435,453.320276261523,23,23,1,0,2
"741",9,134.1365,0.434517117039138,2,23,1,0,2
"742",10,1531.1328,844.495519983472,56,23,1,0,2
"743",11,58.3599,0,1,23,1,0,1
"744",12,50.18695,13.83065,2,23,1,0,2
"745",13,226.808938461538,115.53945749124,13,23,1,0,2
"746",14,287.95264,116.496829621146,5,23,1,0,2
"747",15,167.169075,141.139132211929,4,23,1,0,2
"748",16,117.55916,30.3817389715006,5,23,1,0,2
"749",17,223.4121,113.197762764834,8,23,1,0,2
"750",18,175.7416,132.334196933081,6,23,1,0,2
"751",19,780.202080246914,421.251924590096,81,23,1,0,2
"752",20,3457.2653133515,4979.35624142391,367,23,1,0,13.3537914688226
"753",21,14096.0728781915,10669.6572109272,188,23,1,0,14.6579637570055
"754",22,3019.56627712766,2432.36822007028,188,23,1,0,3.34158488025747
"755",23,2454.6760391635,1842.82558457051,263,23,1,0,3.54164729835876
"756",24,1329.59268169014,1156.779244047,71,23,1,0,2
"757",25,3483.4774734375,2619.99703276874,192,23,1,0,3.67593104077083
"758",26,5300.07283090909,2915.68272115757,220,23,1,0,4.68735958724964
"759",27,811.389270731708,1169.82252149311,82,23,1,0,2
"760",28,1379.58248642534,1708.04651978705,221,23,1,0,2.75840032872683
"761",29,2440.16920657343,2661.98515815416,715,23,1,0,13.9083944474797
"762",30,1148.30413380952,1301.06673763649,420,23,1,0,3.9931368278069
"763",31,4815.03575955057,4217.46661367642,89,23,1,0,2.74288113406802
"764",32,19747.6063614173,4326.73537789168,127,23,1,0,4.01540525499046
"765",33,2127.92979459459,1583.57880286487,296,23,1,0,3.42528504411873
"766",34,1840.76762818182,2010.31105455192,330,23,1,0,4.84777581929392
"767",35,7520.19430495049,5361.98718269216,202,23,1,0,7.91484598523635
"768",36,2267.96673,1856.47020864673,140,23,1,0,2
"769",37,203.9165,2.85282230869712,2,23,1,0,2
"770",38,3368.26332035714,3633.82918194391,280,23,1,0,7.43511802667518
"771",39,1673.44568085106,1811.44180827693,141,23,1,0,2
"772",40,1709.25053043478,1045.8680898723,23,23,1,0,2
"773",41,1322.99616900585,1587.01294385123,171,23,1,0,2
"774",42,1294.87177253086,993.468042554524,324,23,1,0,2.35214580372615
"775",43,23421.8736011905,8499.61095026621,168,23,1,0,10.4345483673318
"776",44,2154.39854141689,1684.62885333588,367,23,1,0,4.51788972692762
"777",45,648.55184,258.348922306394,25,23,1,0,2
"778",46,25729.5032569105,10074.763866971,246,23,1,0,18.1107030765955
"779",47,1026.32596666667,886.8435673831,150,23,1,0,2
"780",48,676.837739506173,1308.3325258451,81,23,1,0,2
"781",49,1586.47212275862,1118.52738445409,145,23,1,0,2
"782",50,1364.28186851852,1365.43755779832,432,23,1,0,4.3104331952955
"783",51,2614.1160115942,2728.77441253546,414,23,1,0,8.25530840800058
"784",52,623.114527472528,338.061394747391,91,23,1,0,2
"785",53,788.831562732919,596.729438708668,322,23,1,0,2
"786",54,3125.60211162791,3003.75593249709,688,23,1,0,15.1014415894649
"787",55,3145.38265483871,1102.26268102537,31,23,1,0,2
"788",56,3341.34520194175,1889.50200414653,103,23,1,0,2
"789",57,3276.38319708029,2337.67604022285,137,23,1,0,2.34029292752227
"790",58,719.147791666666,435.371547818315,36,23,1,0,2
"791",59,221.85,9.2510780182636,2,23,1,0,2
"792",60,5468.18472682927,2375.03480259661,82,23,1,0,2
"793",61,1968.54885578947,1161.30432254102,95,23,1,0,2
"794",62,2600.33041511628,6267.143611477,86,23,1,0,3.93852335661502
"795",63,505.6365,38.9171669695714,4,23,1,0,2
"796",64,23372.4333943662,15957.0099840384,71,23,1,0,8.27894872609284
"797",65,1170.38,0,1,23,1,0,1
"798",66,820.815133333333,273.935311513152,9,23,1,0,2
"799",67,350.99,30.4701056574392,7,23,1,0,2
"800",1,566.637432352941,82.6491182848043,476,24,1,0,7.81685376193794
"801",2,62.4822,0,1,24,1,0,1
"802",3,673.473624413145,62.8897618945178,213,24,1,0,2.66162191427033
"803",4,470.493625510204,474.809193926179,49,24,1,0,4.62276705487067
"804",5,215.835247560209,55.0500194659484,382,24,1,0,4.17837726215767
"805",6,89.6913420416667,101.358505993091,24,24,1,0,2
"806",7,58.1379891232877,55.4250947701846,365,24,1,0,4.0196303672251
"807",8,37.7987785236641,59.9719239573362,655,24,1,0,7.80505722113152
"808",9,45.1142943962264,43.4954630314408,265,24,1,0,2.2902170425991
"809",1,264.495,30.6956593520249,6,25,1,0,2
"810",2,801.731,53.8973222134252,3,25,1,0,2
"811",3,249.416333333333,28.2221749332499,6,25,1,0,2
"812",4,824.270333333333,25.1898689541238,3,25,1,0,2
"813",5,287.155383333333,232.639208301821,12,25,1,0,2
"814",6,875.9455,38.0214851777912,2,25,1,0,2
"815",7,976.827,0,1,25,1,0,1
"816",8,83.03585,2.64426116358615,2,25,1,0,2
"817",9,341.095,0,1,25,1,0,1
"818",10,137.7395,5.57094077557821,2,25,1,0,2
"819",11,561.378,0,1,25,1,0,1
"820",12,250.06475,23.5227604994742,4,25,1,0,2
"821",13,115.404833333333,67.8862336306465,3,25,1,0,2
"822",14,73.8337,1.63058823741618,2,25,1,0,2
"823",15,213.6922,211.454220967324,9,25,1,0,2
"824",16,183.8202,64.5022618973339,10,25,1,0,2
"825",17,287.642,0,1,25,1,0,1
"826",18,1794.43157704918,2255.22029387026,61,25,1,0,2
"827",19,880.07517213198,1448.87290783107,788,25,1,0,7.51864283240965
"828",20,1206.31046460606,1469.59114552543,495,25,1,0,4.79054220660949
"829",21,4645.77821962236,6138.47906067263,662,25,1,0,26.760961513018
"830",22,2660.34479304397,3544.70091656444,887,25,1,0,20.705520990441
"831",23,3705.85433934272,4428.4581198648,213,25,1,0,6.21176604720012
"832",24,16514.0364322979,19936.356620301,470,25,1,0,61.7058866253275
"833",25,1037.5553886395,1194.53368894759,1448,25,1,0,11.3906867742981
"834",26,959.058101638419,1232.83580275677,177,25,1,0,2
"835",27,638.734911995952,1010.19468745292,247,25,1,0,2
"836",28,1151.58307804416,1128.3867308338,634,25,1,0,4.71118516334097
"837",29,2882.16457544532,3206.87894912635,887,25,1,0,18.7322149196435
"838",30,306.72459815126,301.112028480584,119,25,1,0,2
"839",31,615.506284117647,959.703912386747,204,25,1,0,2
"840",32,1675.74028627907,2506.97193326138,645,25,1,0,10.6485906358124
"841",33,1059.37267384783,1700.6993068413,460,25,1,0,5.1519105223752
"842",34,1307.985,348.35397984261,20,25,1,0,2
"843",35,194.004192741935,196.198682361032,62,25,1,0,2
"844",36,6155.39747164383,6265.78900320139,219,25,1,0,9.03655354480187
"845",37,1797.88498266254,2393.93249045358,1615,25,1,0,25.4605259571168
"846",38,982.204391592357,1573.90601959162,471,25,1,0,4.88182996495697
"847",39,1308.89709555556,1812.99491651891,747,25,1,0,8.91867079226568
"848",40,1019.49800733591,1551.33834131793,259,25,1,0,2.64599631827721
"849",41,1762.86929601279,2530.05022878392,1095,25,1,0,18.2442581068002
"850",42,664.070384053334,1078.19103491902,375,25,1,0,2.66262453403243
"851",43,3819.01755558642,3887.2524550245,324,25,1,0,8.29412740058643
"852",44,125.643265625,171.146553503669,16,25,1,0,2
"853",45,11143.4194974895,2882.26156684686,239,25,1,0,4.53643024155666
"854",46,2625.85789954545,2321.98222088405,154,25,1,0,2.35484624602313
"855",47,1097.54150610785,1474.11600908477,1057,25,1,0,10.2609978186947
"856",48,230.304727272727,69.1367427664774,11,25,1,0,2
"857",49,2512.49747698225,2492.03646743352,169,25,1,0,2.77347364412171
"858",50,2246.47288857181,3956.68522967806,369,25,1,0,9.61481236215183
"859",51,384.3881815,674.11987191965,200,25,1,0,2
"860",52,3716.67841027668,2719.35753879463,253,25,1,0,4.53074665464074
"861",53,1039.9367125641,1134.2769039006,39,25,1,0,2
"862",54,579.725987096774,264.580476376946,31,25,1,0,2
"863",55,837.308262962963,272.143143517812,81,25,1,0,2
"864",56,1144.074995,1346.37412976188,26,25,1,0,2
"865",57,1964.18818181818,435.748445524872,11,25,1,0,2
"866",58,375.316,0,1,25,1,0,1
"867",59,231.024,0,1,25,1,0,1
"868",60,28.4491,1.34972542392888,2,25,1,0,2
"869",61,3485.86882352941,311.381972910072,17,25,1,0,2
"870",62,283.770015384615,202.167099142658,13,25,1,0,2
"871",63,102.21928,34.8918541474608,5,25,1,0,2
"872",64,41.4180273333333,42.5431898686888,3,25,1,0,2
"873",65,38576.3862745098,2696.72468192217,306,25,1,0,5.43426711474755
"874",66,45169.0105263158,1482.10698147801,38,25,1,0,2
"875",67,2305.994375,196.110061213108,16,25,1,0,2
"876",1,38.6683,0.92404714165458,2,26,1,0,2
"877",2,273.395,0,1,26,1,0,1
"878",3,41.1011,0,1,26,1,0,1
"879",4,346.714,0,1,26,1,0,1
"880",5,869.276,0,1,26,1,0,1
"881",6,138.0374964,106.782895277507,5,26,1,0,2
"882",7,215.1945,17.912075427627,2,26,1,0,2
"883",8,1275.68,0,1,26,1,0,1
"884",9,259.024,14.790552542079,2,26,1,0,2
"885",10,321.855696296296,377.20227191996,27,26,1,0,2.67901721131118
"886",11,338.118275,228.477417106814,4,26,1,0,2
"887",12,324.423,196.810819582114,3,26,1,0,2
"888",13,629.555918181818,388.426366360344,33,26,1,0,3.3717866104036
"889",14,1253.08506285714,2148.82619412248,35,26,1,0,19.7836660941102
"890",15,219.549333333333,152.654775115844,18,26,1,0,2
"891",16,318.586521428571,297.94846958351,70,26,1,0,5.486263199529
"892",17,330.272604395604,385.871094551132,91,26,1,0,9.23679019188185
"893",18,324.072302,237.468177000367,50,26,1,0,3.12329396700064
"894",19,463.724818518519,438.458593810759,27,26,1,0,3.11408018113677
"895",20,351.024210526316,287.953753627177,57,26,1,0,4.31752677531825
"896",21,267.890494210526,276.489368506775,190,26,1,0,13.8187728246867
"897",22,3229.79894117647,1538.45705573167,17,26,1,0,6.87973545953382
"898",23,504.935616363636,803.083557010778,55,26,1,0,11.6187889523377
"899",24,421.944825,484.651718475522,180,26,1,0,22.9477284371305
"900",25,247.97588,206.535731451619,15,26,1,0,2
"901",26,330.804714285714,72.0048487372918,7,26,1,0,2
"902",27,146.71732,102.392798937711,5,26,1,0,2
"903",28,327.152815217391,232.862962563011,92,26,1,0,5.63541216910158
"904",29,516.457320930233,459.492091632025,43,26,1,0,5.19737360345463
"905",30,452.307766666667,428.021038617134,6,26,1,0,2
"906",31,404.53136,384.243276539361,30,26,1,0,3.03224976744789
"907",32,285.087303174603,280.601509267162,63,26,1,0,4.65016102468812
"908",33,547.255128571427,495.016995329553,7,26,1,0,2
"909",34,292.402003597122,293.151108044976,278,26,1,0,21.4374821459935
"910",35,270.846152542373,208.920928065722,59,26,1,0,3.24243588884744
"911",36,255.970543678161,240.799704987464,87,26,1,0,5.51077453448752
"912",37,283.109507692308,193.180527498477,26,26,1,0,2
"913",38,354.316734653465,292.160625467784,101,26,1,0,7.76212261994721
"914",39,358.222423970588,278.636412484222,68,26,1,0,4.98407102140238
"915",40,294.93982,302.079150220296,100,26,1,0,7.94617619384375
"916",41,420.4373,274.677323257538,49,26,1,0,3.54043256106899
"917",42,217.35325,29.9947880577933,4,26,1,0,2
"918",43,362.415434177215,414.137214422803,79,26,1,0,8.60614757670807
"919",44,262.479284615385,199.568759795454,13,26,1,0,2
"920",45,237.766752777778,224.760575486124,36,26,1,0,2.12843345149976
"921",46,421.688156097561,690.556305433562,41,26,1,0,7.44766942374175
"922",47,218.383652380952,170.590476876388,63,26,1,0,2.82704533138971
"923",48,194.333191304348,138.096659344467,23,26,1,0,2
"924",49,356.494396296296,388.917995599413,27,26,1,0,2.76222621538304
"925",50,221.345336842105,145.650953108423,19,26,1,0,2
"926",51,2190.9342,1179.60482401856,10,26,1,0,3.10294429918195
"927",52,328.543731578947,161.325565171408,19,26,1,0,2
"928",53,152.2505,123.559446626074,6,26,1,0,2
"929",54,150.042326666667,159.986196452057,12,26,1,0,2
"930",55,102.207033333333,61.9425645398129,6,26,1,0,2
"931",56,1427.07286875,1716.48942666007,16,26,1,0,7.22434628628457
"932",57,200.0277375,148.935686266659,8,26,1,0,2
"933",58,226.660854545455,280.208441583951,11,26,1,0,2
"934",59,1167.01064666667,1868.06829517191,15,26,1,0,7.37091577062449
"935",60,621.736,0,1,26,1,0,1
"936",61,318.315875,411.563135711577,4,26,1,0,2
"937",62,239.4601,154.6379,2,26,1,0,2
"938",63,70.3462,0,1,26,1,0,1
"939",64,323.658,28.9425876607466,2,26,1,0,2
"940",65,325.9809,303.4491,2,26,1,0,2
"941",66,14411.8909090909,656.752594969559,11,26,1,0,2
"942",1,106.498575,46.4342319141059,4,27,1,0,2
"943",2,63.8794,0,1,27,1,0,1
"944",3,36.7223,0,1,27,1,0,1
"945",4,84.2430666666667,42.294071035279,6,27,1,0,2
"946",5,31.7406,0,1,27,1,0,1
"947",6,4086.60692857143,655.977876199606,196,27,1,0,11.9265982417385
"948",7,26.7691,0,1,27,1,0,1
"949",8,81.5199,0.989737361626811,2,27,1,0,2
"950",9,40.9921,0,1,27,1,0,1
"951",10,34.1757,0,1,27,1,0,1
"952",11,35.8448,0,1,27,1,0,1
"953",12,120.148,7.07911868337672,3,27,1,0,2
"954",13,187.871868146552,147.470328771406,232,27,1,0,3.17368602502483
"955",14,184.762341010587,172.340756726005,1039,27,1,0,16.6102002866447
"956",15,671.001491218906,631.650203367293,402,27,1,0,23.5545070381697
"957",16,49.71786,47.299859473856,41,27,1,0,2
"958",17,177.457227671053,185.427000400396,760,27,1,0,13.0724771481653
"959",18,440.272317240741,389.326751118233,540,27,1,0,19.5020080602908
"960",19,157.527285187713,170.594282594229,293,27,1,0,4.63664043567754
"961",20,376.358266072013,388.977018992156,611,27,1,0,22.0463389448726
"962",21,327.725191216931,445.314232848178,189,27,1,0,7.80727912145918
"963",22,3406.11461801801,592.712625180502,111,27,1,0,6.10293132581086
"964",1,101.0518,8.57805378393025,2,28,1,0,2
"965",2,251.49175,10.0317122113139,4,28,1,0,2
"966",3,121.5095,8.2628962915554,2,28,1,0,2
"967",4,72.8502,6.51818101965571,2,28,1,0,2
"968",5,11868.2188866667,9811.60020998397,75,28,1,0,15.564112599344
"969",6,127.3475,3.55002959494706,2,28,1,0,2
"970",7,24309.2115512195,18432.3439992378,41,28,1,0,15.9840813251022
"971",8,116.907,2.19273812845948,2,28,1,0,2
"972",9,72.5958,23.3432596038985,4,28,1,0,2
"973",10,136.5605,10.4690694488574,2,28,1,0,2
"974",11,62.9223,0.971847560062791,2,28,1,0,2
"975",12,63.79015,0.288181368672578,2,28,1,0,2
"976",13,150.224,0,1,28,1,0,1
"977",14,210.193666666667,18.9676504294763,3,28,1,0,2
"978",15,432.266303030302,495.708513127878,66,28,1,0,2
"979",16,858.183443478262,803.787710954393,69,28,1,0,2
"980",17,586.240933333333,284.910128108908,15,28,1,0,2
"981",18,1028.259484375,862.227322004933,32,28,1,0,2
"982",19,1365.06523717277,1032.47699790349,191,28,1,0,4.17096945163374
"983",20,958.681789795918,1118.01878826597,147,28,1,0,3.47607944426115
"984",21,5095.59773133333,8896.49864296526,150,28,1,0,28.224979341919
"985",22,887.183391111111,749.282443190472,270,28,1,0,4.27890434117483
"986",23,1179.00493442623,661.338964445806,61,28,1,0,2
"987",24,17874.2614072917,8443.01559937654,96,28,1,0,17.1432074888485
"988",25,817.298246280991,700.106197396849,121,28,1,0,2
"989",26,913.224371084337,1038.02842364313,83,28,1,0,2
"990",27,3545.68814352941,2986.26836578741,85,28,1,0,5.36872323738799
"991",28,1071.74115108359,1351.59689292886,323,28,1,0,9.23364054388071
"992",29,1406.4845,1430.67575745125,139,28,1,0,4.20609691478049
"993",30,2697.3075609756,4625.19209242146,41,28,1,0,4.01085431959599
"994",31,1599.40092978723,2997.23543519804,47,28,1,0,2.97949028183018
"995",32,2472.27047346939,2391.41306127398,294,28,1,0,14.8704867436203
"996",33,464.32272,540.076571488863,85,28,1,0,2
"997",34,2629.28702488688,2414.21515175948,221,28,1,0,11.2847385545924
"998",35,597.177826609442,680.282091864329,233,28,1,0,3.35249559863948
"999",36,288.3447,112.070841743689,9,28,1,0,2
"1000",37,1142.16235105263,1258.04647538267,133,28,1,0,3.5389268281277
"1001",38,11618.8142847826,12304.1525186658,46,28,1,0,11.9710651507911
"1002",39,902.825723863636,950.489995855945,88,28,1,0,2
"1003",40,5290.56648944444,6495.56191305697,180,28,1,0,24.7293378891483
"1004",41,1444.52617535211,3392.95420916332,142,28,1,0,10.1903617106898
"1005",42,319.991586956522,273.806975815732,46,28,1,0,2
"1006",43,1519.86688731118,2570.05596934911,331,28,1,0,17.9925961379148
"1007",44,1108.68688769231,1257.10388966798,65,28,1,0,2
"1008",45,1336.67886936416,2127.79829120848,173,28,1,0,7.78573854999815
"1009",46,563.2237,549.794904373446,86,28,1,0,2
"1010",47,799.688841666667,580.182435391654,48,28,1,0,2
"1011",48,993.429847368422,1010.86915395544,114,28,1,0,2.43737893086027
"1012",49,1940.6817888535,2160.49317924285,157,28,1,0,7.17423847633259
"1013",50,797.936742105263,1506.12387814599,133,28,1,0,4.23677686250088
"1014",51,4601.32784580153,4227.72764959386,131,28,1,0,11.7139011480189
"1015",52,1341.31789723502,1948.91755610986,217,28,1,0,8.94491995337502
"1016",53,710.825382474227,924.54393952082,97,28,1,0,2
"1017",54,598.1595,491.6205,2,28,1,0,2
"1018",55,313.72836875,332.238550964603,16,28,1,0,2
"1019",56,1080.69392771084,653.485319884423,83,28,1,0,2
"1020",57,5056.74088070174,5912.28796810643,57,28,1,0,7.12777023129823
"1021",58,1067.03927,829.738043131382,10,28,1,0,2
"1022",59,666.056983692308,842.521958139787,325,28,1,0,5.7914571345021
"1023",60,1351.87933428571,1462.25707108119,70,28,1,0,2.16493582447419
"1024",61,1777.54958592233,1850.28481750211,206,28,1,0,8.0617451024983
"1025",62,4289.30004239131,6406.5122289348,92,28,1,0,12.4661613492794
"1026",63,1144.03906417911,1764.98202345487,201,28,1,0,7.50342594555653
"1027",64,885.900434285716,602.277234612393,35,28,1,0,2
"1028",65,722.158594674556,894.581629323934,169,28,1,0,3.19764271653433
"1029",66,1099.20099927536,900.688702436145,138,28,1,0,2.62891811226809
"1030",67,872.015010071428,951.33320454024,280,28,1,0,5.63396238936919
"1031",68,859.876901932367,1132.88361943366,207,28,1,0,4.95996828564664
"1032",69,466.27889329609,517.335780246287,179,28,1,0,2
"1033",70,6358.40865084746,9563.448150349,59,28,1,0,11.9341028431722
"1034",71,2006.72459344262,7992.77795479242,122,28,1,0,20.6243768542292
"1035",72,1900.28576804124,3938.79291299324,97,28,1,0,8.08087034919492
"1036",73,326.993772916667,198.026382576625,48,28,1,0,2
"1037",74,1122.60715327511,756.842678501319,229,28,1,0,3.66576274517011
"1038",75,362.669924390244,256.241481156228,41,28,1,0,2
"1039",76,984.065107750001,817.498390385985,120,28,1,0,2.07487247347986
"1040",77,505.880666666667,465.502696480435,3,28,1,0,2
"1041",78,457.960666666667,424.185893367388,3,28,1,0,2
"1042",79,520.695684210526,636.941274290151,57,28,1,0,2
"1043",80,436.396053763441,449.575722006323,93,28,1,0,2
"1044",81,478.983527777778,529.971500456306,18,28,1,0,2
"1045",82,882.927076923077,337.674168400122,13,28,1,0,2
"1046",83,1037.53096933333,1314.14301951098,75,28,1,0,2.08462121261148
"1047",84,962.669147826087,2191.82432433454,23,28,1,0,2
"1048",85,180.425,101.888727909421,3,28,1,0,2
"1049",86,6524.29264666665,9226.88447410836,48,28,1,0,9.36741103658694
"1050",87,131.336233333333,40.2178410348118,3,28,1,0,2
"1051",88,9642.01458454545,9523.09485888077,22,28,1,0,4.43122750639591
"1052",89,405.37909375,333.685760182793,16,28,1,0,2
"1053",90,1159.8775122807,1274.87300578184,57,28,1,0,2
"1054",91,324.490384615385,56.8361853370158,13,28,1,0,2
"1055",92,1095.41983478261,1499.67862499784,69,28,1,0,2.18862093483439
"1056",93,697.1573125,256.366905679535,16,28,1,0,2
"1057",94,490.968266666666,482.710820720352,12,28,1,0,2
"1058",95,1820.11590243902,3702.76792131542,41,28,1,0,3.21095046755203
"1059",96,971.10755,830.10853333121,28,28,1,0,2
"1060",97,607.756789655172,575.96725492358,29,28,1,0,2
"1061",98,475.7593,379.43990160245,17,28,1,0,2
"1062",99,1043.82843888889,761.653783327264,36,28,1,0,2
"1063",100,173.2163,58.0537565827139,6,28,1,0,2
"1064",101,100.994044117647,51.584980314034,17,28,1,0,2
"1065",102,244.450461538462,100.453965010858,13,28,1,0,2
"1066",103,269.954333333333,28.3342467094609,3,28,1,0,2
"1067",104,188.72175,121.184725781198,6,28,1,0,2
"1068",105,51.6149,0.747341157036062,2,28,1,0,2
"1069",106,605.038565909091,382.60848942349,44,28,1,0,2
"1070",107,8168.28578260869,3487.85480200692,46,28,1,0,3.39343461551465
"1071",108,109.261775,30.5328149455938,4,28,1,0,2
"1072",109,769.684,0,1,28,1,0,1
"1073",110,70.1168111111111,7.90125586035248,9,28,1,0,2
"1074",111,2366.93191229167,2534.44854326214,48,28,1,0,2.57304850001134
"1075",112,314.517,0,1,28,1,0,1
"1076",113,342.421428571429,28.6269830497999,14,28,1,0,2
"1077",114,966.146051851856,196.415479185998,27,28,1,0,2
"1078",115,813.921908333333,533.666093940159,12,28,1,0,2
"1079",116,476.6245,39.4954776005482,14,28,1,0,2
"1080",117,1580.65333333333,115.163751305759,3,28,1,0,2
"1081",118,225.73505,125.255872821693,6,28,1,0,2
"1082",119,97.9921,27.3585977602106,2,28,1,0,2
"1083",120,979.1385,90.8218556357719,2,28,1,0,2
"1084",121,81.99445,24.3114271527043,2,28,1,0,2
"1085",122,414.774291666667,94.4301535435786,24,28,1,0,2
"1086",123,2648.06,286.725568350085,9,28,1,0,2
"1087",124,147.091,0,1,28,1,0,1
"1088",125,406.89,10.6764683507443,3,28,1,0,2
"1089",126,52.3728,0,1,28,1,0,1
"1090",127,25858.9272727273,1107.86488326838,22,28,1,0,2
"1091",128,317.527833333333,19.9233128061399,6,28,1,0,2
"1092",1,407.069135789474,273.29393543181,19,29,1,0,2
"1093",2,255.139191666666,110.797480162451,12,29,1,0,2
"1094",3,57.4723,0,1,29,1,0,1
"1095",4,55.487,0,1,29,1,0,1
"1096",5,321.796888888889,202.794719825334,36,29,1,0,2
"1097",6,38.7018,0,1,29,1,0,1
"1098",7,54.4129,0,1,29,1,0,1
"1099",8,70.1716,0,1,29,1,0,1
"1100",9,56.2065,0,1,29,1,0,1
"1101",10,233.0283,178.807210839021,29,29,1,0,2
"1102",11,143.482,11.1623876478108,2,29,1,0,2
"1103",12,209.175521633987,230.610096238366,153,29,1,0,5.3294162449554
"1104",13,276.310479487179,269.455968009394,117,29,1,0,4.76193608790772
"1105",14,453.057028186275,408.148698084175,204,29,1,0,12.5764618138632
"1106",15,175.981740826446,194.891482568399,242,29,1,0,7.12390499251049
"1107",16,932.022802564103,543.927206422808,78,29,1,0,6.40833605726114
"1108",17,1705.08158352941,1148.50764298472,85,29,1,0,14.7456088335837
"1109",18,280.4778501227,230.340801057005,163,29,1,0,5.67111391247927
"1110",19,332.304398461538,222.45411642893,65,29,1,0,2.18405563368386
"1111",20,280.272894625551,279.265156686964,227,29,1,0,9.57530251937105
"1112",21,235.029909176471,268.802400566298,255,29,1,0,10.3534053338453
"1113",22,295.705937391304,215.409313600172,46,29,1,0,2
"1114",23,305.91011,200.982519034978,50,29,1,0,2
"1115",24,3702.30154837209,1437.74853379621,86,29,1,0,18.676318780773
"1116",25,325.449674782609,312.728734383986,46,29,1,0,2.17287884905069
"1117",26,319.056346537736,246.910068474359,106,29,1,0,3.95325254071523
"1118",27,286.781090169492,272.145411721113,59,29,1,0,2.42528578804558
"1119",28,425.736040416667,362.163243161633,72,29,1,0,3.93864429317466
"1120",29,865.360590624999,840.481962021502,32,29,1,0,4.06245224830784
"1121",30,2509.7376744186,217.537165988229,86,29,1,0,2.82580253999422
"1122",31,516.768134482759,233.124552851416,29,29,1,0,2
"1123",32,826.053611538461,280.105991782372,52,29,1,0,2.20006562863968
"1124",33,153.807,0,1,29,1,0,1
"1125",34,3663.574,93.3484706120031,10,29,1,0,2
"1126",35,48.5923,11.0265,2,29,1,0,2
